event_id,symbol,anchor_ts_ms,base_ms,entry_ms,fixed_boundary_ms,anchor_utc,liquidation_proxy_rows_0_240,liquidation_min_ts_ms,liquidation_max_ts_ms,event_symbol_kline_rows_expected_241,event_symbol_kline_min_ms,event_symbol_kline_max_ms,btc_kline_rows_expected_241,event_symbol_in_aggtrade_archive,event_symbol_in_bookticker_archive,finding_status
E:ZECUSDT:1780845457333,ZECUSDT,1780845457333,1780845480000,1780847340000,1780859880000,2026-06-07T15:17:37.333000+00:00,264,1780845481284,1780859893500,241,1780845480000,1780859880000,241,False,False,VERIFIED FROM CODE/DATA
E:BANKUSDT:1780855795565,BANKUSDT,1780855795565,1780855800000,1780857660000,1780870200000,2026-06-07T18:09:55.565000+00:00,96,1780855836323,1780870250379,241,1780855800000,1780870200000,241,False,False,VERIFIED FROM CODE/DATA
E:NEARUSDT:1780862453188,NEARUSDT,1780862453188,1780862460000,1780864320000,1780876860000,2026-06-07T20:00:53.188000+00:00,42,1780863487507,1780873545097,241,1780862460000,1780876860000,241,False,False,VERIFIED FROM CODE/DATA
E:VELVETUSDT:1781136529140,VELVETUSDT,1781136529140,1781136540000,1781138400000,1781150940000,2026-06-11T00:08:49.140000+00:00,1067,1781136546221,1781150973136,241,1781136540000,1781150940000,241,False,False,VERIFIED FROM CODE/DATA
E:VELVETUSDT:1781213436253,VELVETUSDT,1781213436253,1781213460000,1781215320000,1781227860000,2026-06-11T21:30:36.253000+00:00,1058,1781213471274,1781227918278,241,1781213460000,1781227860000,241,False,False,VERIFIED FROM CODE/DATA
E:VELVETUSDT:1781443683377,VELVETUSDT,1781443683377,1781443740000,1781445600000,1781458140000,2026-06-14T13:28:03.377000+00:00,453,1781443783417,1781458154185,241,1781443740000,1781458140000,241,False,False,VERIFIED FROM CODE/DATA
E:ZECUSDT:1781619444366,ZECUSDT,1781619444366,1781619480000,1781621340000,1781633880000,2026-06-16T14:17:24.366000+00:00,213,1781619480078,1781633151080,241,1781619480000,1781633880000,241,False,False,VERIFIED FROM CODE/DATA
E:SPCXUSDT:1781630527127,SPCXUSDT,1781630527127,1781630580000,1781632440000,1781644980000,2026-06-16T17:22:07.127000+00:00,354,1781630661803,1781644572785,241,1781630580000,1781644980000,241,False,False,VERIFIED FROM CODE/DATA
E:ESPORTSUSDT:1781753866102,ESPORTSUSDT,1781753866102,1781753880000,1781755740000,1781768280000,2026-06-18T03:37:46.102000+00:00,398,1781754208243,1781767632490,241,1781753880000,1781768280000,241,False,False,VERIFIED FROM CODE/DATA
E:XAGUSDT:1781809363726,XAGUSDT,1781809363726,1781809380000,1781811240000,1781823780000,2026-06-18T19:02:43.726000+00:00,33,1781809443869,1781823767608,241,1781809380000,1781823780000,241,False,False,VERIFIED FROM CODE/DATA
E:REUSDT:1781850730196,REUSDT,1781850730196,1781850780000,1781852640000,1781865180000,2026-06-19T06:32:10.196000+00:00,644,1781850805279,1781865201208,241,1781850780000,1781865180000,241,False,False,VERIFIED FROM CODE/DATA
E:REUSDT:1781890124567,REUSDT,1781890124567,1781890140000,1781892000000,1781904540000,2026-06-19T17:28:44.567000+00:00,613,1781890244687,1781904596825,241,1781890140000,1781904540000,241,False,False,VERIFIED FROM CODE/DATA
E:REUSDT:1781961178284,REUSDT,1781961178284,1781961180000,1781963040000,1781975580000,2026-06-20T13:12:58.284000+00:00,614,1781961285619,1781975581228,241,1781961180000,1781975580000,241,False,False,VERIFIED FROM CODE/DATA
E:REUSDT:1781993071245,REUSDT,1781993071245,1781993100000,1781994960000,1782007500000,2026-06-20T22:04:31.245000+00:00,348,1781993162269,1782007395584,241,1781993100000,1782007500000,241,False,False,VERIFIED FROM CODE/DATA
E:REUSDT:1782047077639,REUSDT,1782047077639,1782047100000,1782048960000,1782061500000,2026-06-21T13:04:37.639000+00:00,302,1782047194064,1782061510451,241,1782047100000,1782061500000,241,False,False,VERIFIED FROM CODE/DATA
E:SPCXUSDT:1782237239120,SPCXUSDT,1782237239120,1782237240000,1782239100000,1782251640000,2026-06-23T17:53:59.120000+00:00,117,1782237244098,1782251618054,241,1782237240000,1782251640000,241,False,False,VERIFIED FROM CODE/DATA
E:AAOIUSDT:1782241674063,AAOIUSDT,1782241674063,1782241680000,1782243540000,1782256080000,2026-06-23T19:07:54.063000+00:00,2,1782241783060,1782255981102,241,1782241680000,1782256080000,241,False,False,VERIFIED FROM CODE/DATA
E:XRPUSDT:1782394329538,XRPUSDT,1782394329538,1782394380000,1782396240000,1782408780000,2026-06-25T13:32:09.538000+00:00,386,1782394511559,1782407871604,241,1782394380000,1782408780000,241,False,False,VERIFIED FROM CODE/DATA
E:AAOIUSDT:1783013941004,AAOIUSDT,1783013941004,1783014000000,1783015860000,1783028400000,2026-07-02T17:39:01.004000+00:00,3,1783014458710,1783015108499,241,1783014000000,1783028400000,241,False,False,VERIFIED FROM CODE/DATA
E:XRPUSDT:1783230138080,XRPUSDT,1783230138080,1783230180000,1783232040000,1783244580000,2026-07-05T05:42:18.080000+00:00,42,1783230253125,1783244638498,241,1783230180000,1783244580000,241,False,False,VERIFIED FROM CODE/DATA
E:AAOIUSDT:1784266556188,AAOIUSDT,1784266556188,1784266560000,1784268420000,1784280960000,2026-07-17T05:35:56.188000+00:00,17,1784266575637,1784277755674,241,1784266560000,1784280960000,241,False,False,VERIFIED FROM CODE/DATA
E:KORUUSDT:1784271145642,KORUUSDT,1784271145642,1784271180000,1784273040000,1784285580000,2026-07-17T06:52:25.642000+00:00,177,1784271235643,1784284761708,241,1784271180000,1784285580000,241,False,False,VERIFIED FROM CODE/DATA
E:BANKUSDT:1784293554509,BANKUSDT,1784293554509,1784293560000,1784295420000,1784307960000,2026-07-17T13:05:54.509000+00:00,1254,1784293566235,1784307914663,241,1784293560000,1784307960000,241,False,False,VERIFIED FROM CODE/DATA
E:SKHYNIXUSDT:1784325168738,SKHYNIXUSDT,1784325168738,1784325180000,1784327040000,1784339580000,2026-07-17T21:52:48.738000+00:00,13,1784325186271,1784335210819,241,1784325180000,1784339580000,241,False,False,VERIFIED FROM CODE/DATA
E:BANKUSDT:1784466726162,BANKUSDT,1784466726162,1784466780000,1784468640000,1784481180000,2026-07-19T13:12:06.162000+00:00,1373,1784466802109,1784481182392,241,1784466780000,1784481180000,241,False,False,VERIFIED FROM CODE/DATA
